kural,missed_worn,false_alarms,worn_recall,balanced_acc,maliyet,secilen_esik,secilen_k,sinav
sabit eşik (= sınır),4.0,13.0,0.9428571428571428,0.8847619047619047,33.0,300.0,1.0,vaka-dışı
ayarlı eşik,0.0,21.0,1.0,0.86,21.0,272.2,1.0,vaka-dışı
ayarlı eşik + ardışık onay,0.0,21.0,1.0,0.86,21.0,272.2,1.0,vaka-dışı
sabit eşik (= sınır),4.0,23.0,0.9428571428571428,0.8180952380952381,43.0,300.0,1.0,koşul-dışı
ayarlı eşik,0.0,34.0,1.0,0.7733333333333333,34.0,257.625,1.0,koşul-dışı
ayarlı eşik + ardışık onay,0.0,34.0,1.0,0.7733333333333333,34.0,257.625,1.0,koşul-dışı
sabit eşik (= sınır),16.0,48.0,0.7714285714285715,0.5657142857142857,128.0,300.0,1.0,malzeme-dışı
ayarlı eşik,11.0,48.0,0.8428571428571429,0.6014285714285714,103.0,237.0,1.0,malzeme-dışı
ayarlı eşik + ardışık onay,11.0,48.0,0.8428571428571429,0.6014285714285714,103.0,237.0,1.0,malzeme-dışı
